round,planet_idx,planet_name,mu_before,sigma_before,mu_after,sigma_after,delta,sigma_reduction,weather,detectability,snr_effective,cost_hrs,obs_number
1,889,HD 219134 b,0.9347806407045778,0.05865476483774356,0.8997533109114143,0.05181934352018194,-0.03502732979316345,0.006835421317561617,0.855,0.7811587365719382,0.6678907197690072,0.5762062792861947,1
1,33,55 Cnc e,0.8711207451713274,0.12600360510926537,0.9921057872930248,0.11048795533673685,0.12098504212169738,0.01551564977252852,0.855,0.7646586140516781,0.45332273135992024,0.881682351603078,1
1,890,HD 219134 c,0.9559284171855273,0.025019821815742062,0.93704504402731,0.02210395788635157,-0.01888337315821734,0.002915863929390493,0.855,0.7811446147714087,0.6678786456295545,0.8559979459528614,1
1,256,GJ 436 b,0.7164421849139692,0.10317063243601672,0.7677030760003143,0.09087390555864953,0.05126089108634516,0.012296726877367187,0.855,0.7745293811566667,0.66222262088895,0.8453499723369315,1
1,4498,LTT 1445 A b,0.9506247478594868,0.05748948850061732,0.6979287779381361,0.04563838289838385,-0.2526959699213507,0.011851105602233465,0.855,0.5571403268092124,0.18136607943537544,0.8455364080262457,1
1,4499,LTT 1445 A c,0.9563918739921335,0.042700948545812197,0.254491325712249,0.031088852136408628,-0.7019005482798846,0.011612096409403569,0.855,0.3926499729598861,0.051828307659794216,0.8094530746929124,1
1,4473,L 98-59 d,0.8541177096406087,0.13901708432911924,0.839714556268199,0.09860968338588705,-0.014403153372409752,0.0404074009432322,0.855,0.3458374977213453,0.03079057895976719,0.8427775905287014,1
1,259,GJ 486 b,0.95697089683531,0.030388383463141818,0.7855354111289665,0.02263448286561697,-0.17143548570634348,0.007753900597524847,0.855,0.4345999446277241,0.08060088814685197,0.8372348593010097,1
1,950,HD 260655 c,0.958299220558236,0.04275091938528729,0.9940740616904157,0.03158553603568569,0.0357748411321797,0.011165383349601606,0.855,0.4195676473074769,0.07309648142234733,0.8455572991111802,1
2,5506,pi Men c,0.9025747890640569,0.10762031000837179,0.9727723177209777,0.08940792840227682,0.07019752865692082,0.018212381606094966,0.772,0.6909297262598892,0.3241553321442145,0.7164361066626623,1
2,236,GJ 367 b,0.9422833380938611,0.057108050749393326,1.0,0.038625966197687926,0.26211107937784234,0.0184820845517054,0.772,0.3049159781687287,0.010314088101980153,0.8279534807137292,1
2,949,HD 260655 b,0.960922652244442,0.0360268060978301,0.7992005626102063,0.025889973324347244,-0.1617220896342356,0.010136832773482856,0.772,0.410577058069172,0.06067545792118055,0.8526406324445135,1
2,232,GJ 357 b,0.9628535219662825,0.022099175925455863,0.46561690701555514,0.015615154694656406,-0.49723661495072735,0.006484021230799457,0.772,0.3804860838396054,0.04339050855369481,0.855684120284438,1
2,50,AU Mic b,0.7004244558813766,0.09950950652299134,0.6190398419483994,0.0859398217996175,-0.08138461393297716,0.013569684723373845,0.772,0.7730857196081409,0.5968221755374847,0.9383037392171191,1
2,293,GJ 887 b,0.9249933637423493,0.0696292388786412,1.0,0.04668779485661705,0.22581058388084832,0.022941444022024145,0.772,0.2902999139625293,0.002241115335790726,0.8524329691205779,1
2,283,GJ 806 b,0.9550264866619163,0.027301286783734734,1.0,0.019041511407448957,1.0135943150753188,0.008259775376285777,0.772,0.3576459642255125,0.03476331804189815,0.8534986592296607,1
2,614,HD 136352 b,0.9295709835970064,0.07805315058556904,0.9290675806013682,0.06697298286194873,-0.0005034029956382788,0.011080167723620304,0.772,0.7591082486582905,0.5358322936937031,0.9911963184119916,1
2,296,GJ 887 e,0.9367899294118992,0.057886900757451176,0.0,0.03881432270370915,-1.1411346790352221,0.019072578053742024,0.772,0.2902999139625293,0.002241115335790726,0.8524329691205779,1
3,1096,HD 63433 b,0.8782269108324846,0.10637723034429657,0.8529288841013069,0.08681372457507079,-0.025298026731177706,0.019563505769225775,0.736,0.6722327710096592,0.294770571339164,0.746243307267616,1
3,790,HD 189733 b,0.69177766591008,0.07447844806043155,0.7573443556065362,0.06323736061833808,0.0655666896964562,0.01124108744209347,0.736,0.7546731445527537,0.5554394343908267,0.9259010943831546,1
3,4558,Proxima Cen d,0.9665584128640595,0.024766824051032425,1.0,0.01648600390217719,0.18492953573191503,0.008280820148855235,0.736,0.2961217166366913,0.002179455834446048,0.8410406163415212,1
3,4472,L 98-59 c,0.9622399725003837,0.01930142974060858,0.23121801552286936,0.013389090624812127,-0.7310219569775144,0.005912339115796453,0.736,0.3662096938863819,0.0356289984971159,0.8611109238620347,1
3,4557,Proxima Cen b,0.9882950325191916,0.013407001770143468,0.9991274184441905,0.01,0.010832385924998897,0.003407001770143468,0.736,0.2961217166366913,0.002179455834446048,0.8410406163415212,1
3,1228,HD 97658 b,0.9007347284751829,0.08786442462735419,1.0,0.06844256798618727,0.10980159874799206,0.019421856641166926,0.736,0.5793913440070355,0.19825902266040224,0.976261521983955,1
3,84,Barnard e,0.9568329398051496,0.019406928572421524,1.0,0.012906151600802867,0.8033135871979122,0.006500776971618657,0.736,0.2945700909652604,0.0021680358695043167,0.8440972015708867,1
3,838,HD 207496 b,0.8066939738101421,0.11816434107983743,0.2123556032756485,0.08735281457632728,-0.5943383705344936,0.030811526503510156,0.736,0.4801213066915757,0.11829056645792659,0.9394277282835962,1
3,4572,Ross 128 b,0.9657279887140526,0.019519364147204295,0.5698731268643283,0.012945595895876972,-0.3958548618497243,0.0065737682513273225,0.736,0.2900452875217167,0.002134733316159835,0.8529265876782912,1
4,53,BD+05 4868 A b,0.8466884074534496,0.10854399389020823,0.8924225309136719,0.09052519919465782,0.045734123460222174,0.018018794695550414,0.772,0.6989886748737024,0.5032544749151184,0.788285209459717,1
4,81,Barnard b,0.9582965173889612,0.01,1.0,0.01,1.8478328467845546,0.0,0.772,0.2945700909652604,0.00227408110225181,0.8440972015708867,1
4,82,Barnard c,0.9580907843823726,0.01,1.0,0.01,1.1237561527201239,0.0,0.772,0.2945700909652604,0.00227408110225181,0.8440972015708867,1
4,83,Barnard d,0.9570665133039716,0.01,0.0,0.01,-1.053125661372632,0.0,0.772,0.2945700909652604,0.00227408110225181,0.8440972015708867,1
4,171,GJ 1061 b,0.9640117720493997,0.019742816779479793,1.0,0.013229120926982132,0.9268288233005029,0.006513695852497661,0.772,0.2891815451091257,0.0022324815282424504,0.8545982265665596,1
4,4471,L 98-59 b,0.9609654768109,0.01,0.6025956914675421,0.01,-0.3583697853433579,0.0,0.772,0.3037518371643072,0.010914010451617976,0.8498609238620347,1
4,470,HD 101581 c,0.9601301185937666,0.020723634762793597,0.8954432564014856,0.014628664566527854,-0.06468686219228098,0.006094970196265743,0.772,0.3787319997155596,0.046198900168130955,0.8916083176670131,1
4,223,GJ 3323 b,0.9597066566300068,0.028268177812886465,0.6418345181428626,0.018886547999019253,-0.3178721384871441,0.009381629813867212,0.772,0.2843011531229244,0.0021948049021089768,0.8639640333960714,1
4,469,HD 101581 b,0.9604204697462184,0.018671920014524526,1.0,0.013182244253909316,0.1603247574120848,0.005489675760615209,0.772,0.3789824232932531,0.046330449039401075,0.8920249843336797,1
5,291,GJ 876 d,0.6776088482637032,0.14693568814005056,1.0,0.09711257620162841,1.6263698089038687,0.04982311193842215,0.732,0.2862972980714249,0.0020956962218828304,0.6101493344569253,1
5,240,GJ 393 b,0.9469468165039527,0.044558613123078426,0.005395076961579259,0.029330797570677077,-0.9415517395423735,0.015227815552401349,0.732,0.2796300765948691,0.002046892160674442,0.8728075031330462,1
5,172,GJ 1061 c,0.9714026478823314,0.01,1.0,0.01,0.8241571081250003,0.0,0.732,0.2891815451091257,0.0021168089101988,0.8545982265665596,1
5,4829,TOI-2134 b,0.7174035215455388,0.0846559547079377,0.7276743619095866,0.06996218110821541,0.010270840364047792,0.014693773599722293,0.732,0.7000738323011156,0.3250656278749795,0.9867577010516145,1
5,318,Gl 725 A b,0.9603645990714845,0.017472494320080852,1.0,0.011571121899945079,0.780747084152071,0.005901372420135774,0.732,0.2896196396422029,0.002120015762180925,0.8537509038818759,1
5,5460,Wolf 1061 b,0.9621609008712981,0.013597480014514772,1.0,0.01,0.8160846825550593,0.0035974800145147715,0.732,0.2873564050173818,0.002103448884727235,0.8581164051863736,1
5,185,GJ 15 A b,0.9560313549036175,0.01940619461258635,0.8528603330219084,0.012850791910079347,-0.10317102188170905,0.006555402702507004,0.732,0.2895012673304661,0.002119149276859012,0.853979958404391,1
5,282,GJ 740 b,0.940404393187972,0.05648751257906925,1.0,0.0369310174067528,0.6486924847462943,0.019556495172316446,0.732,0.2684770605298851,0.001965252083078759,0.8934883384142135,1
5,206,GJ 273 c,0.9619017840894425,0.015385962122317562,1.0,0.010147048997101508,1.179501503047225,0.005238913125216054,0.732,0.2827511337336298,0.0020697382989301703,0.866911295948074,1
6,266,GJ 581 e,0.9607091764588438,0.013028577192939506,0.0,0.01,-1.0702905578017492,0.0030285771929395057,0.77,0.2816883941353841,0.0021690006348424576,0.6189246677438168,1
6,201,GJ 238 b,0.9469479008576548,0.029845967554038025,1.0,0.019737017774069745,1.2281310678247352,0.01010894977996828,0.77,0.2682399006946763,0.002995714033669287,0.8813212693607193,1
6,1315,HR 858 b,0.8846460544985776,0.11274127872543573,1.0,0.0810047224681215,0.12568619964337258,0.031736556257314225,0.77,0.4112525213457131,0.08434505497517725,1.0109854696472653,1
6,250,GJ 4274 b,0.9467411270356602,0.04597641144751899,1.0,0.030603003212517868,1.4764572573017423,0.01537340823500112,0.77,0.2790600173553392,0.002148762133636112,0.9101790467685441,1
6,272,GJ 676 A d,0.9271687990206166,0.06583954455210062,0.0,0.043205847746572434,-1.9869864559280441,0.02263369680552818,0.77,0.2555736112125773,0.0019679168063368455,0.916746465206867,1
6,233,GJ 357 c,0.9579290634752272,0.01795007408016691,0.9235785357678802,0.011904278581131309,-0.03435052770734705,0.006045795499035602,0.77,0.2729706757706892,0.002101874203434307,0.8852257869511047,1
6,5029,TOI-4527.01,0.9494408696708412,0.012901451037865263,0.5118594483930387,0.01,-0.43758142127780253,0.0029014510378652623,0.77,0.2688778336230524,0.0052617650410029596,0.8761558781015575,1
6,321,HAT-P-11 b,0.6790705734930637,0.07039351128415407,0.6030702875090187,0.05891020893768558,-0.07600028598404497,0.011483302346468487,0.77,0.707174685671155,0.38489479573525565,1.0169417426098972,1
6,253,GJ 433 b,0.7895476624400685,0.07405982154298633,0.0,0.04914616874788824,-1.8511426680152148,0.024913652795098093,0.77,0.2740024025160008,0.002109818499373206,0.8833157565906713,1
7,5123,TOI-5789 c,0.6759683792032767,0.11333013921581331,0.6420753984299229,0.09364122232046652,-0.033892980773353766,0.019688916895346784,0.75,0.6906734159248361,0.3183474859061408,0.6870235604401281,1
7,307,GJ 9827 d,0.8992851605139329,0.07576773588668252,0.6939786100924554,0.050189267206491556,-0.20530655042147752,0.025578468680190966,0.75,0.2810237223385601,0.016757314636410614,0.9408271376794913,1
7,169,GJ 1002 b,0.9921427630588755,0.01111230014910766,0.0,0.01,-1.0914573941137449,0.0011123001491076603,0.75,0.2858010029198117,0.0021435075218985875,0.90954981324838,1
7,883,HD 21749 c,0.9417083354586524,0.032715154676565175,0.3641139529962498,0.022430799826741364,-0.5775943824624026,0.010284354849823811,0.75,0.3390985613931088,0.029518596100582238,0.9395322182863348,1
7,5118,TOI-5734 b,0.8287015659179482,0.12220818161660028,1.0,0.08391943217794111,0.4100702688903402,0.038288749438659175,0.75,0.3417310540880722,0.044022774167964115,0.9998530083234675,1
7,36,61 Vir b,0.7455707874792887,0.07922339501496552,0.5884278414210952,0.05230469674066808,-0.15714294605819354,0.026918698274297437,0.75,0.275544537089946,0.002066584028174595,0.880451483134156,1
7,5245,Teegarden's Star b,0.9769276465616622,0.014093659968433831,1.0,0.01,0.9800444436411118,0.004093659968433831,0.75,0.2887249990342292,0.002165437492756719,0.9145800584636467,1
7,1317,HR 858 d,0.8702464520708321,0.10365110915253443,1.0,0.07509162411090835,0.7237071111631602,0.028559485041626087,0.75,0.4361630624328979,0.09836184304696499,1.0428604696472654,1
8,1316,HR 858 c,0.923226693650469,0.06472948731765045,0.9255518225511714,0.04468881080080935,0.0023251289007023388,0.020040676516841098,0.629,0.4114834988923044,0.0690217741647076,0.7667354696472654,1
8,5413,WASP-69 b,0.654817450987094,0.07156172878132311,0.6513886353874373,0.057324512553355716,-0.003428815599656696,0.014237216227967392,0.629,0.6881246406276322,0.4328303989547807,1.053746464091402,1
8,209,GJ 3090 b,0.7895106486374341,0.07935598664495111,0.0,0.05190238277496357,-1.103859913508441,0.02745360386998754,0.629,0.3206123894149758,0.022361349222414877,0.9399410147494262,1
8,5246,Teegarden's Star c,0.990749760757206,0.011906972924488467,0.0,0.01,-1.9642760048647752,0.0019069729244884665,0.629,0.2887249990342292,0.001816080243925302,0.9145800584636467,1
8,4489,LHS 475 b,0.9616555509310722,0.014812567958461715,0.7227334833055087,0.01,-0.2389220676255636,0.004812567958461715,0.629,0.2953446014460248,0.007721615545481518,0.9303121054400958,1
8,269,GJ 674 b,0.5813454970308478,0.09784630560954886,0.0,0.06266699173659863,-0.7195484103618932,0.03517931387295023,0.629,0.2866588620082487,0.0018030842420318845,0.8594560258107181,1
8,4469,L 168-9 b,0.9513486726170715,0.01643096563658007,1.0,0.010397245360585063,0.536177091248342,0.006033720275995006,0.629,0.2674589655518777,0.007873841775617004,0.9147373364206143,1
8,173,GJ 1061 d,0.990938529571597,0.011763816173718796,1.0,0.01,0.9373292751352336,0.001763816173718796,0.629,0.2891815451091257,0.0018189519187364008,0.8545982265665596,1
9,284,GJ 806 c,0.764160057090649,0.06899146315129688,0.5178048155350157,0.045146847626456856,-0.24635524155563332,0.023844615524840025,0.74,0.265957753477801,0.0019680873757357276,0.6480819925629941,1
9,5208,TOI-836 b,0.947440484337849,0.03668125250116921,1.0,0.024350537634044454,0.23808507210344454,0.012330714867124754,0.74,0.2896037467142299,0.01817501017254935,0.9566941027914133,1
9,4470,L 363-38 b,0.9230019440972372,0.06359774543522824,0.05326789378340624,0.04174120897927118,-0.869734050313831,0.02185653645595706,0.74,0.2708289591721033,0.0020041342978735647,0.9749751113579785,1
9,855,HD 209458 b,0.6576737484538976,0.0590332601379827,0.6849011861845552,0.04865218249721568,0.02722743773065763,0.010381077640767018,0.74,0.6903716609711804,0.5108750291186736,1.0808051894889434,1
9,246,GJ 411 b,0.9548275971824512,0.026632378509189817,0.0,0.017614089294954435,-1.6445182823591666,0.009018289214235382,0.74,0.2834468831685915,0.0020975069354475773,0.8655899608637276,1
9,4885,TOI-2427 b,0.940568664071919,0.01783059849185246,1.0,0.011570334295340285,0.27582539958356034,0.006260264196512176,0.74,0.2522582630396911,0.006815252436116781,0.9117955255593267,1
9,243,GJ 3998 b,0.9450124344473056,0.027149177181788255,1.0,0.0175950095947672,0.9542730284552736,0.009554167587021056,0.74,0.2502157322257616,0.001851596418470636,0.9262217301821237,1
9,265,GJ 581 c,0.7885518925946126,0.08323845755312327,0.0,0.054993597714489806,-2.1254521970017772,0.028244859838633465,0.74,0.2816883941353841,0.0020844941166018424,0.8689246677438168,1
10,264,GJ 581 b,0.5819266883963667,0.093291089004099,0.0,0.06284790775078188,-0.9649546929475613,0.03044318125331713,0.805,0.2816883941353841,0.002267591572789842,0.6189246677438168,1
10,918,HD 22496 b,0.7421377335617977,0.06835250309706808,1.0,0.045505386703205856,0.4914703786734207,0.022847116393862228,0.805,0.2618643115228418,0.0021080077077588765,0.9054897173737678,1
10,5002,TOI-431 d,0.6554170829857482,0.10222318518263498,0.7045428800098625,0.08198369830626992,0.04912579702411431,0.020239486876365065,0.805,0.6025172120883192,0.2574863865399443,1.0387976747640408,1
10,605,HD 134606 e,0.912662761584976,0.06273446459939508,1.0,0.04095288828594652,0.2502068873576386,0.021781576313448556,0.805,0.2294932172634423,0.0018474203989707104,0.9620522747698439,1
10,932,HD 235088 b,0.8695427674989507,0.1079933418993499,0.11383455487048366,0.07285954441901085,-0.755708212628467,0.035133797480339055,0.805,0.2841675097182414,0.02685096936609545,1.0415878413777655,1
10,1278,HIP 65 A b,0.647886331340682,0.09686864695878256,0.7631452554356306,0.08110538250512726,0.11525892409494867,0.015763264453655293,0.805,0.690679399409735,0.5559969165248367,1.1624079236698328,1
10,1027,HD 39194 b,0.8636629758377439,0.07425613477325942,1.0,0.04850000480562204,0.29766464236635165,0.025756129967637376,0.805,0.2303618825136961,0.0018544131542352535,0.9605726759376252,1
10,1065,HD 48948 b,0.7374087805539862,0.07733380855845681,0.8767019170439763,0.05122102039688003,0.13929313648999003,0.026112788161576785,0.805,0.2533417770851778,0.002039401305535681,0.9207054037366896,1
11,262,GJ 536 b,0.7535128428258485,0.04354280835681259,1.0,0.028927102447058154,0.7377230157950917,0.014615705909754435,0.781,0.2703427165523132,0.002111376616273566,0.6400688550716016,1
11,5511,rho CrB e,0.8993730235293192,0.08488371400113894,1.0,0.05576588294626881,0.5864377602957221,0.029117831054870126,0.781,0.251919974269757,0.001967494999046802,0.9232184531997321,1
11,305,GJ 9827 b,0.9465056860256614,0.02307114631349468,1.0,0.015222406302064471,0.48492348472305224,0.007848740011430207,0.781,0.259006931213973,0.009981047293046465,0.9422171376794913,1
11,5122,TOI-5789 b,0.9361526856801002,0.02803052320666123,0.8043178836849212,0.018331924252387076,-0.131834801995179,0.009698598954274155,0.781,0.2444966175471384,0.0019095185830431509,0.9362318937734615,1
11,5000,TOI-431 b,0.9354938955648241,0.029520901765254872,0.653390716994446,0.019330300809167318,-0.2821031785703781,0.010190600956087554,0.781,0.246501213824576,0.007904175999480012,0.9426624705973742,1
11,677,HD 15337 b,0.8782132840044468,0.1104031715261324,0.0,0.07183999229031343,-1.5197718407108296,0.038563179235818965,0.781,0.2362646865857681,0.01131766658828003,1.0483729677732565,1
11,653,HD 1461 b,0.7115130190655455,0.09287130925861502,1.0,0.06046969087231399,0.7840186486956153,0.032401618386301026,0.781,0.2372818024489798,0.0018531708771265323,0.9487217891674086,1
11,1098,HD 63433 d,0.9289015677241489,0.04066427489093204,1.0,0.026517761623547298,1.5516487563433732,0.014146513267384739,0.781,0.239786147648771,0.0018727298131369014,0.9687778239342827,1
12,944,HD 25463 b,0.6200094611419567,0.13572085240037135,0.1066411132941919,0.09744704517132459,-0.5133683478477647,0.03827380722904676,0.818,0.3859902952985352,0.08519570926069586,0.8340312006757131,1
12,5209,TOI-836.01,0.6076652466041782,0.08515891607973226,0.771323289245561,0.060606089061079456,0.1636580426413829,0.024552827018652808,0.818,0.3702056266995995,0.0592412075457611,0.9850691027914134,1
12,699,HD 156668 b,0.919387965121422,0.03386773654966085,0.7635023259889326,0.02227420708327808,-0.1558856391324893,0.011593529466382767,0.818,0.2352054704938005,0.001923980748639288,0.9522901061099175,1
12,867,HD 213885 b,0.8954596077799228,0.07670768021423359,0.16921450385762937,0.050099198466720986,-0.7262451039222935,0.026608481747512604,0.818,0.2237960357685529,0.009652002261744836,1.0109035263926092,1
12,4574,Ross 458 c,0.4374245478876446,0.11717707299253319,0.0,0.07857354130909919,-0.5523934679956112,0.038603531683434,0.818,0.2673847078281708,0.0021872069100344373,0.8954834343032615,1
12,227,GJ 3470 b,0.6057506232630613,0.10224251910993098,0.09364797790814394,0.07670471638317126,-0.5121026453549173,0.02553780272675972,0.818,0.4665581594360582,0.1265752517751196,1.087023454376346,1
12,51,AU Mic c,0.7535987980851305,0.10600218855583297,0.8035533905995585,0.09249779491305236,0.04995459251442802,0.01350439364278061,0.818,0.7725067257864296,0.6319105016932994,0.982053739217119,1
12,4474,L 98-59 e,0.9594915271889952,0.015606276145887188,0.7340207459156594,0.010479770825487511,-0.2254707812733358,0.005126505320399677,0.818,0.2697750529855427,0.002206759933421739,0.8911109238620347,1
13,665,HD 149026 b,0.6568759707251245,0.0580104900217971,0.7032273661843995,0.047046838644787085,0.04635139545927497,0.010963651377010011,0.772,0.6415142748798326,0.4238953152744615,0.9077877344429963,1
13,5427,WASP-80 b,0.6718183961142088,0.07260048194573065,0.7822155528057905,0.06036628497067715,0.11039715669158164,0.012234196975053506,0.772,0.6927150220229029,0.5347759970016811,1.228797943168505,1
13,4813,TOI-2076 e,0.8969218959820644,0.08862485890783903,1.0,0.05612765827326974,0.41516865599906544,0.03249720063456929,0.772,0.1972933040727567,0.0015231043074416817,1.0226331119117753,1
13,4792,TOI-198 b,0.9363639535141429,0.06762605272140801,0.06850753874070203,0.04496679582600195,-0.8678564147734409,0.022659256895406057,0.772,0.2763325632817491,0.01157920061799556,1.0589172344200757,1
13,4684,TOI-1411 b,0.9416946833283849,0.024994070910803252,1.0,0.016284981097021936,1.0252753845169371,0.008709089813781316,0.772,0.2428844217433019,0.0067035976288328455,0.9630215315709163,1
13,238,GJ 3929 b,0.9574743883945377,0.012143209246723439,0.8747389516475397,0.01,-0.08273543674699797,0.0021432092467234386,0.772,0.291125324455239,0.010717514932944283,0.9861056931477774,1
13,181,GJ 1252 b,0.9491102565560952,0.025050745596837943,0.9909277177710082,0.016543287838374932,0.04181746121491299,0.00850745775846301,0.772,0.2649775901104443,0.005632936394033907,0.9872526651001448,1
14,1137,HD 73583 b,0.5886111213399424,0.06849335532853319,0.19388954056137087,0.0475936778748933,-0.39472158077857156,0.020899677453639895,0.722,0.3761640521407834,0.05871729445704461,0.7361107243740757,1
14,336,HAT-P-22 b,0.6407239974425607,0.06712131558068817,0.63704348146711,0.05362521274236282,-0.0036805159754507194,0.013496102838325343,0.722,0.6363242582640772,0.45942611446666376,1.1951900918832261,1
14,4610,TOI-1130 c,0.659827541751997,0.07135080155212792,0.5819459305256578,0.05752602549462996,-0.07788161122633916,0.013824776057497955,0.722,0.6546054397161267,0.3134445395775885,1.2241729814344415,1
14,5512,tau Boo b,0.5315770326042801,0.0909233550721566,0.0,0.05882864976384353,-0.8785460712847565,0.03209470530831307,0.722,0.2565340680388779,0.0018521759712406985,0.9150373081203012,1
14,1177,HD 86226 c,0.8023110905334786,0.08920285209661317,0.38424652188813097,0.059729012076902635,-0.41806456864534763,0.02947384001971054,0.722,0.3129658730925937,0.03825107620623033,1.074705291639305,1
14,726,HD 164922 d,0.9072638365402276,0.05697870921868857,1.0,0.03650629973230103,1.0491843091013509,0.02047240948638754,0.722,0.2407517873293298,0.0017382279045177612,0.9427329340022998,1
14,202,GJ 251 b,0.9576206716010227,0.023617941774196582,1.0,0.015537930828905921,0.9710178023016693,0.00808001094529066,0.722,0.2837168615981652,0.002048435740738753,0.8650765356296963,1
14,945,HD 25463 c,0.9128554174365682,0.05639774101675187,0.14980744572395133,0.03576470870881028,-0.7630479717126168,0.02063303230794159,0.722,0.2243786013426961,0.00764504423044233,1.0008121381757131,1
15,4888,TOI-2443 b,0.835150494211261,0.11435793904727923,0.6625709208946993,0.08845518717273937,-0.17257957331656176,0.02590275187453986,0.764,0.5517351632440916,0.1830528352844963,0.806811664609201,1
15,4501,LTT 3780 c,0.8209923972372958,0.11484032806822037,0.9065330289534603,0.07865697970828468,0.0855406317161645,0.03618334835993568,0.764,0.3303118035146778,0.030721506374729396,1.0745320907308984,1
15,4810,TOI-2076 b,0.6046559852833264,0.11774392943203839,0.07828686178629352,0.08120902175405624,-0.5263691234970329,0.03653490767798215,0.764,0.3422719464558457,0.052118510999106145,1.0680914452451087,1
15,881,HD 217107 b,0.5039611259249314,0.10833864656046352,0.0,0.07052703901020264,-0.7871921621513666,0.037811607550260876,0.764,0.2454672346686943,0.0018753696728688245,0.9345401728089012,1
15,5129,TOI-5800 b,0.7286279573735127,0.0814060567289511,1.0,0.05309772971667337,0.4519008425054363,0.02830832701227773,0.764,0.2486443233538234,0.013889154618059566,0.9858669838972764,1
15,195,GJ 2030 b,0.6970318709424791,0.1114774471321218,1.0,0.07085761037889778,1.7403714030406672,0.04061983675322403,0.764,0.2070570739146488,0.0015819160447079169,0.9997704684567722,1
15,5273,WASP-107 b,0.623240546954517,0.1153543377322147,0.6720443646327726,0.0945000825633514,0.048803817678255604,0.0208542551688633,0.764,0.6660392073058686,0.44699915657802486,1.3200073685510547,1
16,1311,HN Peg b,0.4301930721100257,0.1114473670770159,0.4624507242806705,0.07497216176571576,0.032257652170644815,0.036475205311300135,0.863,0.250284050445672,0.0021599513553461494,0.6761015227897423,1
16,4911,TOI-260 b,0.9501501325071731,0.03158982503782905,1.0,0.022503500632547864,0.12106944469386015,0.009086324405281183,0.863,0.3494136807183767,0.04322254377198707,0.950484337149747,1
16,5001,TOI-431 c,0.9346567097669847,0.04455094566720566,1.0,0.02936993580147184,0.15494529461181505,0.01518100986573382,0.863,0.2166095609543538,0.0018693405110360734,0.9838152705973742,1
16,781,HD 18599 b,0.5746590001562126,0.08236903606055532,0.3361157553449358,0.05822923226662895,-0.2385432448112768,0.02413980379392637,0.863,0.3358277196002546,0.05251522180998977,1.0073484716173253,1
16,5198,TOI-776 b,0.9336147606251071,0.05319357486412575,1.0,0.036356124183760295,0.2404325877877788,0.016837450680365455,0.863,0.2771708440176302,0.015898833887403322,1.0518967212642636,1
16,4913,TOI-262 b,0.7228488808545838,0.08366804959093901,0.6622102322729684,0.05625663041564388,-0.06063864858161536,0.027411419175295132,0.863,0.2494472280843122,0.016595768030725374,1.0017060999076934,1
16,5222,TOI-912 b,0.898241095743811,0.08617274806504324,1.0,0.059125925089453885,0.37931156658306786,0.027046822975589357,0.863,0.2838313088270552,0.017571180825554502,1.1102192935281923,1
16,319,Gliese 12 b,0.9602946398918137,0.030551988022887493,1.0,0.02123754824489552,0.06965501668726913,0.009314439777991974,0.863,0.3063204839719251,0.014710082723806807,0.9583978259296347,1
17,298,GJ 900 b,0.3205611006958013,0.1372301132992077,1.0,0.08868612846505004,1.0509408548532102,0.04854398483415766,0.744,0.2436462734910909,0.0018127282747737164,0.6877116730234466,1
17,5050,TOI-480 b,0.5812582548817067,0.13480524943853694,0.9044742338036756,0.09197371555802623,0.32321597892196896,0.04283153388051071,0.744,0.3336775596851048,0.05462971599771638,1.1200262954903515,1
17,1097,HD 63433 c,0.7060310087738472,0.1394524734562783,0.730191041282512,0.11781326306393294,0.024160032508664806,0.021639210392345343,0.744,0.7400683653716302,0.5506108638364929,1.0305694906009495,1
17,846,HD 207897 b,0.8814334397048909,0.09499132285252572,0.743439160172944,0.06976300181933366,-0.1379942795319469,0.025228321033192058,0.744,0.4640361695257392,0.11308408333857736,1.005568715207445,1
17,4917,TOI-270 c,0.830525185038495,0.0736872543530257,1.0,0.050109718311734684,1.0625494975755998,0.023577536041291015,0.744,0.3280809282316919,0.029355551687014852,1.0963167328603223,1
17,972,HD 285968 b,0.5689598661235697,0.04615576032693493,1.0,0.03036850574814216,1.7026437404758863,0.015787254578792768,0.744,0.2728925081632841,0.002030320260734834,0.8853702968639788,1
17,3721,Kepler-444 c,0.9037659860869565,0.051284960023288244,1.0,0.03254830623667165,1.2361324681548544,0.018736653786616597,0.744,0.2146399341001542,0.0015969211097051474,0.9865893696137674,1
17,4886,TOI-2431 b,0.9220841641739852,0.04519629812675107,1.0,0.028792786281626168,0.8969114473021867,0.016403511845124903,0.744,0.2206518030789843,0.002551160439662163,0.987125557233391,1
18,1131,HD 73344 b,0.6612186857500548,0.09473388994663852,0.440343727167261,0.07464686800951759,-0.2208749585827938,0.020087021937120933,0.773,0.5834092914785957,0.23145003341685724,0.797771388439342,1
18,315,Gl 410 b,0.5602820008041515,0.0542672169011609,0.6615149211538188,0.03587618862164935,0.10123292034966735,0.01839102827951155,0.773,0.266256059288618,0.0020581593383010174,0.897539471994,1
18,86,CD-35 2722 b,0.4600564435838091,0.10400518679329526,1.0,0.06765826453116842,2.897695364093974,0.03634692226212684,0.773,0.2398194802398556,0.001853804582254084,0.9443452245042988,1
18,988,HD 3167 b,0.9163409852818243,0.06012917689235567,0.3410387684770806,0.03857626348853167,-0.5753022168047437,0.021552913403823995,0.773,0.2173912173033562,0.007024558130828885,1.0167433193778053,1
18,85,CD Cet b,0.9447782444581966,0.021953408706341646,0.05308381810783702,0.014592506178587017,-0.8916944263503596,0.007360902527754629,0.773,0.2752585876734145,0.002127748882715494,0.9972334425424249,1
18,176,GJ 1137 c,0.7022035728789295,0.07290312340946578,0.9449862178466082,0.04700992883913792,0.2427826449676787,0.025893194570327863,0.773,0.2255684080674834,0.001743643794361647,0.9687167773195995,1
18,5422,WASP-77 A b,0.6259737338557059,0.08350784355990029,0.40049244380325555,0.06674501519609198,-0.22548129005245035,0.01676282836380831,0.773,0.611666050959503,0.47281785739169585,1.2948615476801968,1
18,3720,Kepler-444 b,0.8968193272194812,0.05593899791101163,1.0,0.03578141318882466,0.25767100614634486,0.02015758472218697,0.773,0.2126264826439205,0.0016436027108375057,0.9994435362804341,1
19,1672,KELT-24 b,0.660304237280902,0.054286258084732364,0.6684713546753689,0.04347132365888311,0.00816711739446683,0.010814934425849257,0.77,0.6169487984892587,0.4750505748367292,1.0018361514382754,1
19,5341,WASP-18 b,0.6304487417624982,0.0800064084747882,0.5451514026316783,0.06323515986207173,-0.08529733913081997,0.016771248612716463,0.77,0.5909404611318899,0.35715233042591515,1.276650315268098,1
19,5095,TOI-544 b,0.7383394492956242,0.10605478021523145,1.0,0.06854845977412896,1.184242353396108,0.037506320441102484,0.77,0.2308738822289343,0.007763081331515779,1.0692517665412011,1
19,180,GJ 1214 b,0.6048623728464946,0.08524995530416155,0.20257177139881277,0.06079701527782621,-0.4022906014476818,0.024452940026335336,0.77,0.3979046085980277,0.05659689746880456,1.1257914866476355,1
19,5202,TOI-784 b,0.8161120266291488,0.12007957707155996,0.975679251984657,0.07580055431687167,0.15956722535550816,0.044279022754688285,0.77,0.1931316891151953,0.007321283614133582,1.1005183209810725,1
19,316,Gl 49 b,0.7568794459928502,0.0586983001074563,0.0,0.03890173714295875,-0.971078024355121,0.019796562964497555,0.77,0.2718510958470309,0.002093253438022138,0.8872928960655075,1
19,3724,Kepler-444 f,0.9173141879885646,0.04046283423588255,0.5725194267638679,0.025960791539740617,-0.34479476122469666,0.014502042696141935,0.77,0.2189899348374435,0.0024584863825739983,0.9846810362804341,1
20,5062,TOI-5082.01,0.5719342309714283,0.05835283106656242,0.9052998692027163,0.04071290475342694,0.3333656382312881,0.017639926313135483,0.744,0.3722557631431016,0.06759518925811062,0.7861261522062197,1
20,556,HD 115404 A b,0.5260789270919561,0.047497509378076654,0.0,0.031173559563798234,-1.6388049899881016,0.01632394981427842,0.744,0.2687996951829099,0.0019998697321608498,0.892898085502915,1
20,716,HD 162020 b,0.5334174148781006,0.09958699912052199,1.0,0.06343372864757757,1.6435784982576547,0.03615327047294442,0.744,0.220419924482535,0.0016399242381500605,0.9774115864428485,1
20,563,HD 118203 b,0.6554099123290633,0.058304593129616646,0.5728540575885348,0.046471310656512665,-0.08255585474052857,0.01183328247310398,0.744,0.6206093366779236,0.46173334648837516,1.2988126894578678,1
20,4918,TOI-270 d,0.9170453527092866,0.06447909037547891,1.0,0.04352466244597126,0.4235399286899317,0.020954427929507656,0.744,0.3155494905602558,0.02427161609724685,1.1144417328603222,1
20,333,HAT-P-2 b,0.6095538748348164,0.08290940886872915,0.7743228509369757,0.06492121670589508,0.16476897610215932,0.017988192162834066,0.744,0.5855949699715364,0.4356826576588231,1.3092470225713169,1
20,5373,WASP-33 b,0.6420738032281634,0.042436448352761905,0.7379105260561327,0.033353550036918804,0.09583672282796935,0.0090828983158431,0.744,0.5929117286901816,0.44112632614549513,1.2394437510930487,1
21,591,HD 130322 b,0.4759496942372506,0.10723590356251399,0.0,0.06814257010210739,-1.2895824164440879,0.039093333460406596,0.741,0.2181136974260481,0.0016162224979270165,0.7312904024296515,1
21,260,GJ 504 b,0.5098339792461495,0.06551890408087932,1.0,0.04251552658408101,2.300135408570175,0.02300337749679831,0.741,0.2517618181921218,0.0018655550728036224,0.9234975705335845,1
21,5517,ups And b,0.47657380063340593,0.05728614093675675,1.0,0.0374161645743809,1.54567407158448,0.01986997636237585,0.741,0.2623628514044924,0.0019441087289072886,0.9045911411001998,1
21,164,G 196-3 b,0.4832492282928218,0.08532451269029387,1.0,0.05500901580156465,1.6435825343605355,0.03031549688872922,0.741,0.2412588623457274,0.0017877281699818402,0.9540050034654891,1
21,4479,LHS 1678 b,0.9490411662051895,0.040503144428715214,0.13472878887692163,0.026410833761318437,-0.8143123773282679,0.014092310667396777,0.741,0.2596718134379059,0.003580003520558964,1.0367943663188732,1
21,174,GJ 1132 b,0.9612821901292354,0.0198638024247375,0.6134486908546046,0.013286937811649392,-0.34783349927463086,0.006576864613088106,0.741,0.3017550808175614,0.011230864399737205,1.0361708089882065,1
21,5093,TOI-540 b,0.9398707434640723,0.06066531387258605,0.2801803115629301,0.04002425405326048,-0.6596904319011422,0.02064105981932557,0.741,0.2788879079453249,0.004918259820063636,1.108151669035549,1
21,306,GJ 9827 c,0.9496047359939281,0.01359697245682783,1.0,0.01,0.46663922589828916,0.0035969724568278294,0.741,0.2496825458123621,0.006771481759819461,0.9658271376794914,1
22,5425,WASP-8 b,0.6561467087440948,0.05015161193094372,0.7264049414172304,0.04080552903187992,0.07025823267313565,0.009346082899063794,0.815,0.626608549096443,0.5106859675136011,1.0671513847003833,1
22,1669,KELT-20 b,0.6103990255498227,0.06413301875265366,0.5722293777977634,0.051018900971522146,-0.03816964775205935,0.013114117781131515,0.815,0.5812922775119295,0.4737532061722225,1.293783411622428,1
22,4689,TOI-1431 b,0.6049595753626961,0.05695695987880931,0.7401971938773808,0.045046328355384434,0.13523761851468474,0.011910631523424878,0.815,0.5697091264716446,0.46431293807439034,1.267979792483969,1
22,216,GJ 3222 b,0.5149418570967739,0.062176996847455694,1.0,0.041222974968714986,1.0343374503389957,0.02095402187874071,0.815,0.2499849646506302,0.002037377461902636,0.9266276574172227,1
22,1322,HS Psc b,0.49586231821020194,0.13490725515455698,0.7282962417393617,0.08706138936407731,0.23243392352915973,0.04784586579047967,0.815,0.205856325134907,0.001677729049849492,1.0661175091243589,1
22,4770,TOI-1801 b,0.7963103527755356,0.07675533978191802,0.5272897963769113,0.051849081914278145,-0.2690205563986243,0.024906257867639878,0.815,0.2812776818393004,0.01898878525318527,1.1033518207695439,1
22,712,HD 160691 d,0.5232710063505681,0.051973745325769864,0.0,0.03459731385983068,-2.6937150397964595,0.01737643146593918,0.815,0.2566726338450195,0.0020918819658369086,0.914790451339678,1
23,249,GJ 422 b,0.75620060598495,0.16137752555689341,0.1665820804861905,0.11004769942207455,-0.5896185254987595,0.05132982613481886,0.881,0.2643176169871529,0.002328638205656817,0.6510582589994421,1
23,1660,KELT-11 b,0.6051753375833974,0.07653448617058795,0.6936580112304471,0.06283851638345218,0.0884826736470497,0.013695969787135762,0.881,0.6121209662984872,0.5392785713089673,1.3737314937917675,1
23,5235,TWA 7 b,0.4084858898113032,0.1117911075103579,0.0,0.07396278830759351,-2.8507854796782586,0.03782831920276439,0.881,0.2135400653231867,0.001881287975497275,0.9889564709828712,1
23,994,HD 330075 b,0.42997415333278194,0.13056563859862289,0.10342318848096405,0.0851923838152942,-0.3265509648518179,0.04537325478332868,0.881,0.1907175379693035,0.0016802215095095639,1.0268319121337388,1
23,4663,TOI-128.01,0.7104402794377659,0.10822448162503574,0.0,0.07170829171693734,-0.8728288125967605,0.036516189908098406,0.881,0.2159711292724024,0.016925711380209475,1.0907145313242808,1
23,258,GJ 480 b,0.5624463587202203,0.04159710920454201,0.4001564723566079,0.028297568490228436,-0.16228988636361244,0.013299540714313572,0.881,0.2601932111005089,0.0022923021897954836,0.908494638007539,1
23,329,HAT-P-17 b,0.6458394111997544,0.06789406320934804,0.6645748648215523,0.05607762417809663,0.01873545362179786,0.011816439031251416,0.881,0.6243942458040842,0.4777517206167645,1.3829161586861005,1
24,188,GJ 163 b,0.5614669773548062,0.043580065746054934,0.7893571226663445,0.029719526995221592,0.22789014531153823,0.013860538750833342,0.894,0.2578808030947005,0.0023054543796666225,0.6626351041344121,1
24,791,HD 190007 b,0.540892851241852,0.04992296117451631,0.0,0.0341709259806617,-2.0259720014337086,0.01575203519385461,0.894,0.2641828493711527,0.0023617946733781054,0.9013023225268436,1
24,1302,HIP 94235 b,0.5214817778627285,0.0937796358344742,0.36690913747309906,0.06536595469055141,-0.15457264038962948,0.028413681143922787,0.894,0.2955412806551526,0.04667634814801205,1.085375182880167,1
24,704,HD 15906 b,0.7339539859640487,0.06754341004915347,0.7501500362451768,0.0456125135445163,0.01619605028112818,0.02193089650463717,0.894,0.2412666092562781,0.015099782454451854,1.0245759877530176,1
24,1677,KELT-7 b,0.6080766115779355,0.045728474691056446,0.6902752441950523,0.03706578091574625,0.08219863261711681,0.008662693775310197,0.894,0.5794059301214539,0.5179889015285798,1.291513481719806,1
24,1099,HD 63454 b,0.4278402877237774,0.10857579848584863,1.0,0.07178148577174544,1.1364417072078914,0.03679431271410319,0.894,0.2057966354560397,0.0018398219209769951,1.0018667393496492,1
24,281,GJ 724 b,0.5473487645952262,0.046587686343181785,0.10072759104739182,0.03168309320606314,-0.44662117354783437,0.014904593137118644,0.894,0.2531860197925472,0.002263483016945372,0.9209810440969785,1
24,934,HD 238090 b,0.5821379674585536,0.0801939251710177,1.0,0.05467959517382822,1.477155737474852,0.02551432999718948,0.894,0.2576052758117635,0.0023029911657571657,0.9131271116178975,1
25,27,51 Peg b,0.4354125530305811,0.0545363002863676,0.46037822978174175,0.037183367526816544,0.024965676751160678,0.017352932759551055,0.895,0.257023745265465,0.0023003625201259118,0.6641646284901787,1
25,244,GJ 3998 c,0.7319522970851616,0.07035190276159012,1.0,0.047775012844147424,0.8161205359974378,0.022576889917442694,0.895,0.2502157322257616,0.0022394308034205663,0.9262217301821237,1
25,692,HD 155918 b,0.471638780771735,0.07848587118266047,0.7735213044094627,0.05259283845579183,0.30188252363772766,0.025893032726868638,0.895,0.2277326776558393,0.0020382074650197616,0.9650458487654717,1
25,288,GJ 86 b,0.5471255986352115,0.09995840865139695,0.03462521078748115,0.06864473568243948,-0.5125003878477303,0.03131367296895747,0.895,0.2693324458284616,0.0024105253901647314,0.8919224364282369,1
25,1312,HR 2562 b,0.45790293822099265,0.09463609834305459,0.8382169797172042,0.06287682701242062,0.38031404149621156,0.03175927133063397,0.895,0.2135159366591004,0.0019109676330989484,0.98899682742916,1
25,629,HD 1397 b,0.6467189527729803,0.06336407322961853,0.6781797082889313,0.05281011399633973,0.031460755515951004,0.010553959233278794,0.895,0.636098453534016,0.5693081159129443,1.3940599441335697,1
25,654,HD 1461 c,0.7199678545418419,0.08150536794918437,0.6470070237949812,0.05492750428907766,-0.0729608307468606,0.026577863660106706,0.895,0.2372818024489798,0.002123672131918369,0.9487217891674086,1
25,1200,HD 93385 b,0.8862975447919953,0.06265479366961205,1.0,0.04115106072112029,0.47998719936831064,0.021503732948491755,0.895,0.1944757496176548,0.0017405579590780104,1.0206251583140316,1
26,1144,HD 75289 b,0.42110594996596457,0.08531777651648703,0.0,0.0576823001118753,-0.8059451446956296,0.027635476404611732,0.932,0.224219273961289,0.0020897236333192134,0.7210002122995798,1
26,1030,HD 39855 b,0.5376717439860417,0.059575729244854485,0.8332023460837394,0.04060065423582349,0.29553060209769777,0.018975075009030992,0.932,0.2377413872416064,0.0022157497290917717,0.9479304494094011,1
26,615,HD 136352 c,0.7200673254110374,0.08815565629148814,0.7753660005945806,0.07846770433338306,0.055298675183543304,0.009687951958105082,0.932,0.759260058013983,0.7076303740690322,0.9626963184119917,1
26,132,DMPP-1 d,0.7287003497400734,0.11290513262997653,0.0,0.07345680803347608,-1.2878540333648854,0.03944832459650045,0.932,0.1605161362109138,0.0014960103894857166,1.0767158470267482,1
26,5148,TOI-620 b,0.5697385064971984,0.06421632582895578,0.4874525424596218,0.04615164896982326,-0.08228596403757661,0.018064676859132524,0.932,0.3307256914056041,0.04830788457713719,1.084345429736521,1
26,5378,WASP-38 b,0.5992669937719549,0.06927263247085369,0.6576561692508468,0.05667193146644203,0.05838917547889185,0.012600701004411657,0.932,0.5792496694956201,0.46348963749478406,1.387845614401145,1
26,4989,TOI-411 b,0.8533816190191778,0.10350977117659912,1.0,0.06844518777371622,1.571682928197515,0.035064583402882904,0.932,0.1871093392367072,0.00647212198732455,1.1221060091741668,1
27,275,GJ 682 b,0.9665787581788906,0.056480390746617,0.5533981255157601,0.03725106967775714,-0.4131806326631306,0.019229321068859863,0.727,0.2853496797443083,0.002074492171741121,0.6119629850422124,1
27,952,HD 2638 b,0.40695199799523846,0.13161131176066548,0.0,0.08089623809084502,-0.5826690637946746,0.05071507366982046,0.727,0.173150554740204,0.001258804532961283,1.0558062314901635,1
27,798,HD 191939 b,0.5494878039003787,0.0598787913009686,1.0,0.040823869084128335,0.6980259074863652,0.019054922216840263,0.727,0.340937756556217,0.05636404041705798,1.0910384017463293,1
27,5090,TOI-5388.01,0.9486443150408492,0.03516370849329881,0.0,0.02284392510370421,-1.0762880075610735,0.012319783389594604,0.727,0.2606123364489275,0.0028619200492028874,1.040425517063349,1
27,182,GJ 1265 b,0.5814797869431144,0.06426705122877194,1.0,0.04201180006681584,0.4368181976051248,0.022255251161956098,0.727,0.2707666756743705,0.0019684737321526737,1.0325396512906462,1
27,267,GJ 625 b,0.9598399223012606,0.019820592969431627,0.9490330113708187,0.013039552562613663,-0.01080691093044184,0.006781040406817963,0.727,0.2811975858295403,0.002044306448980758,0.8698525167814712,1
27,5419,WASP-74 b,0.5662976409894714,0.06156031182115513,0.8589552507008288,0.0469069668905138,0.29265760971135735,0.014653344930641327,0.727,0.5414191558185982,0.25528114429800247,1.3424099973345731,1
27,847,HD 20794 b,0.9322074062119803,0.06779044176374088,1.0,0.044633810014170355,0.858786015625346,0.023156631749570528,0.727,0.2825215058682385,0.0020539313476620937,0.8673468314129275,1
28,4827,TOI-2128 b,0.8564784242546483,0.09585320201196826,0.8843774626749984,0.07145970864568969,0.027899038420350148,0.024393493366278565,0.821,0.4532799036897901,0.12568971240407828,0.8604614625554003,1
28,742,HD 169142 b,0.3115546635359198,0.2109735206733634,1.0,0.12716051383168803,1.1422397189444757,0.08381300684167536,0.821,0.0963302579611682,0.000790871417861191,1.1889537589554835,1
28,1671,KELT-23 A b,0.6328460086964756,0.05621083302446654,0.5721007109103194,0.04501262678694995,-0.06074529778615613,0.011198206237516592,0.821,0.5914551554838896,0.3393644941684085,1.408392853699273,1
28,5431,WASP-84 b,0.6319738032403888,0.0645302233093968,0.679669627748455,0.050868035131572745,0.047695824508066156,0.013662188177824053,0.821,0.5602058383976416,0.2817103325332684,1.3976573876464076,1
28,1119,HD 69830 b,0.542754562249733,0.026789777911886255,0.0,0.01795014403336248,-1.3872288747856265,0.008839633878523774,0.821,0.2645926503013533,0.0021723056589741108,0.9005599446881841,1
28,4505,MASCARA-4 b,0.5862202310027036,0.054721668228263395,0.583351127455929,0.043078905561232304,-0.002869103546774658,0.011642762667031091,0.821,0.5575917521344094,0.4577828285023501,1.3608456217226277,1
28,290,GJ 876 c,0.739107510909851,0.208809430675998,0.6938879130981295,0.14172291111314636,-0.04521959781172159,0.06708651956285164,0.821,0.2862972980714249,0.0023505008171663985,0.8601493344569253,1
29,1668,KELT-2 A b,0.6353767788421618,0.037960054973470596,0.6414252317483334,0.02934075358521794,0.006048452906171657,0.008619301388252655,0.704,0.5803439867067838,0.40856216664157574,1.1064683759704739,1
29,208,GJ 3082 b,0.559156850667252,0.047049757055947675,0.0,0.0302260175165373,-1.1396564447660287,0.016823739539410375,0.704,0.2540666094723413,0.0017886289306852823,0.9194215770552169,1
29,823,HD 203030 b,0.4579884183010749,0.09149056704837397,1.0,0.056892834414702394,1.3342049753001306,0.03459773263367157,0.704,0.2026092960769754,0.0014263694443819067,1.0071598663044807,1
29,1101,HD 63935 b,0.5667843305339177,0.05120905961522144,0.0,0.03497746618711795,-0.6116952086962858,0.016231593428103486,0.704,0.3555819420398619,0.05914925193665429,1.1091272812420563,1
29,30,55 Cnc b,0.4704316599307513,0.08121766032791217,1.0,0.052516080102493944,1.83058814801825,0.028701580225418223,0.704,0.2645228070613871,0.0018622405617121649,0.9006865182697447,1
29,241,GJ 3942 b,0.5588201219322826,0.03436249743073453,0.12318153750816685,0.022064571527343646,-0.43563858442411574,0.012297925903390884,0.704,0.2532799692324337,0.0017830909833963329,0.9208147937986491,1
29,317,Gl 686 b,0.762526639700251,0.053409602794317355,0.8796623882076412,0.03479100848887455,0.11713574850739021,0.018618594305442805,0.704,0.2764996830465205,0.0019465577686475042,0.8786717510830301,1
29,5465,Wolf 503 b,0.711898150839869,0.06808501586378009,0.4084070716894773,0.04299221586559547,-0.30349107915039164,0.025092799998184617,0.704,0.226622525094633,0.0075120152235932545,1.0450722437180886,1
30,476,HD 102195 b,0.43115808455093635,0.07028935961545033,0.0,0.044766457244415504,-0.7873776168587876,0.02552290237103482,0.737,0.2237202695162758,0.0016488183863349526,0.7218438625112387,1
30,334,HAT-P-20 b,0.5637175765547361,0.09571240015863969,1.0,0.06670176338296081,0.4552875148124306,0.029010636775678875,0.737,0.3737445595451885,0.08458882070666346,1.2836229749956796,1
30,239,GJ 3929 c,0.8156983630477456,0.10368522523529924,0.9367926573236204,0.06738007591668338,0.12109429427587479,0.036305149318615865,0.737,0.256130601027621,0.0018876825295735665,1.0198556931477776,1
30,314,Gl 378 b,0.5506664399516958,0.027992932285463522,1.0,0.018215895762793068,2.043369320100268,0.009777036522670455,0.737,0.2583299062985639,0.0019038914094204158,0.9118325391392627,1
30,4887,TOI-244 b,0.9468678082706645,0.030613424277712985,0.28015507608775836,0.020133301357704025,-0.6667127321829062,0.01048012292000896,0.737,0.2756562674484409,0.009690314114258126,1.0544166512252227,1
30,990,HD 3167 d,0.8890790549658946,0.06412852388951008,0.18157005432751017,0.03989968772046071,-0.7075090006383844,0.024228836169049375,0.737,0.1869579031479686,0.0013778797462005285,1.033034986044472,1
30,4700,TOI-1467 b,0.890937803909378,0.0923235229424072,1.0,0.0591786754873099,1.23257406139342,0.0331448474550973,0.737,0.233980971296623,0.006456814680986456,1.190451793798456,1
